id,rating,detection_range,type,autoXP,xpDiscover,xpSalvage,tags,drop_value,drop_random,defFaction,defQuality,probDefenders,minStr,maxStr,maxSize,probStation,stationRole
derelict_survey_ship,0.5,2700,DISCOVERABLE,1200,2000,6000,,basic:15000,"ai_cores2:5,
ai_cores3:1,
extended:3x5000,
rare_tech_low:2,euteck_sometimes:1",derelict,0.5,0.5,21,30,3,,
derelict_mothership,1,3500,DISCOVERABLE,2200,5000,20000,,basic:75000,"ai_cores3:5,
extended:5x15000,
nanoforge_always:1,euteck_always:1",derelict,1,1,45,60,3,1,derelictMothership
